Facies,0,1,2
2,25.787298951217988,30.917492652401325,46.49092262760625
2,30.251466425622027,38.37416165367182,53.26935519236065
2,33.16657554726443,42.97376009951152,56.3545402583429
2,32.25612749185556,42.104186435695354,54.74607312448098
2,30.15052920849294,39.47922853366487,51.66795915054577
3,29.423646444638003,37.06063918741741,50.846925151399965
3,30.870947553768083,38.555404552264484,53.85780623807225
3,32.94313171967743,41.12343127771852,58.168584542686816
3,33.34942232434358,41.593722088329976,58.407258029266686
3,32.858339314803004,41.527648032825624,57.29009512838182
3,30.960873071250212,39.85439158752628,54.35218592720581
1,26.945601736705914,34.55740617694336,47.5308317625499
2,24.680634461876174,31.009007018487708,44.54643534136002
2,23.6689303219309,29.388638126233552,43.27342875576998
2,23.669322679127767,28.5659244713103,43.194008596789295
2,24.735398578765,29.44276553786552,44.73950435385844
2,25.734343004572338,30.3959431070609,45.70858558815021
2,30.146223865085425,35.18004973777518,53.4146776687268
2,33.72172558367194,40.03100144757179,59.63761318815806
2,35.382996929646865,43.753750471483215,62.02958064634569
3,35.841284455588735,43.490130797850135,61.24206735065793
2,32.99339648777154,39.772314102453905,56.48971026824497
2,26.639767005293155,30.42381373657105,46.992642005914554
2,20.866924233086237,25.836107591629304,38.802669403318774
2,18.177104736645898,21.32437408852106,34.41115290814032
6,16.46646268553069,18.87803328755275,31.470805434529208
5,16.287308107814376,19.42864461939539,31.61899353871972
5,17.134995655656844,20.816119923603654,33.54505837405939
2,18.3884663368145,22.673109245543426,35.95997158126283
2,20.930651261394924,26.623888440437273,40.43345177818411
2,23.951512382817537,31.59784282435614,44.9192695147804
1,26.65261887283969,36.16797207035954,48.136998642247114
2,29.614096978578413,41.652468324826316,51.391038923706546
2,30.064925429970465,41.55762850877129,51.52978030127946
3,29.374869422097923,39.32097817242214,49.86041684528619
3,29.977709399469507,38.574990653836586,50.43298732980813
3,32.87839509254055,35.65198193435903,53.75084322146272
3,33.873231089985254,33.60450184161106,51.9107257793611
3,34.16814271753199,33.99231009855563,50.58031581272514
3,34.00488187119097,33.72039198402316,51.97057130631439
3,31.205042642227227,33.77356442894179,48.51597620484031
6,29.66316596225479,30.625766623203216,42.692556153613616
5,27.733733375788724,30.549157791313046,37.387127397626045
8,22.78049715863003,23.50132851010674,31.701587918232416
8,15.095866188617867,19.256817780268108,23.590921525774068
8,11.41214894386594,13.824046177818275,20.291926614220493
8,10.092494304367806,12.663530362711866,19.99070391991198
6,11.681680154179642,16.161170071833606,24.396367333659537
6,14.527848221713816,20.594087029643017,31.00903156172663
6,17.806618122757804,25.018676058172,38.19372129553856
6,20.206608817467732,28.74751409446262,43.15491581387271
4,22.635508578013447,31.984720219166135,47.015725550801065
2,26.834457807055024,36.777436874093205,52.95720544774543
4,34.990779444742316,47.849450013399064,66.72418875780168
7,47.30341028145416,65.01951173679774,90.65569049311483
7,57.73073594820491,79.63503357182887,111.73622920365895
4,63.0756490148935,87.18875778445502,123.53770794414592
4,62.788387514705725,86.56504449917885,122.98153646372656
4,55.51362399684332,75.36551842634836,107.93731505137953
2,44.448603513153046,59.01076622165628,83.80804662643648
4,34.91725114286535,45.470518182724554,63.34050097238784
4,26.652318035177608,33.47196305514096,48.39466995029869
6,20.543963468246233,24.10866832868106,39.3799255300444
6,18.33608945757825,22.196473281970178,36.75566824273652
6,19.876426597964944,24.406553647792837,39.1855445744095
5,21.22825977653371,27.738681771045858,39.61995242318789
2,23.306596187193175,31.46815862170504,41.07636725636594
2,23.4767711045583,31.310717873075568,39.67331280116984
6,20.184573607227392,25.423109305884722,33.75080567486937
6,16.65891338192033,19.68633642092311,28.69110468040479
8,13.991197295007067,15.98371955305312,25.531339555999676
8,11.181343887025843,11.834700537300968,21.206263125195388
8,9.181050585519234,8.90585862692079,17.6248355176092
8,9.277964201124137,6.412353456393248,17.1688537792747
8,10.424249926885302,4.719589917962962,17.39767899423015
3,10.977772959258079,4.6318087451987635,16.08616840039194
3,12.583464749946673,4.610608668391783,16.354871624753557
8,14.245335964050142,5.541683455315323,17.674161229961754
8,14.969254459615204,5.92010891858299,17.86558644795669
8,15.692579698214987,6.052372119928789,19.178655692759733
8,16.167943763021295,6.2641507904930265,20.420723517717946
8,16.285294452715657,6.720357345659639,20.88557516297577
8,16.27199966419113,7.386225039761726,21.03171695974237
8,15.960925240126194,8.955876766205154,21.563022023615122
8,15.832680301242585,9.47159525037253,22.737764432912165
3,15.716010176324586,11.29056179029376,24.269117817271763
3,14.94214840150561,11.611195898439028,24.3955989737501
8,14.819823268477442,13.30212888252104,25.39152001180809
8,14.755543736920654,13.676438275145532,26.08793863773478
8,14.266378884665874,13.51538426935991,25.540169397755506
8,14.139780419728451,14.715689188106687,25.98776442940722
8,14.46389445136556,17.18770575579908,27.50110078705338
5,14.322327818769109,17.67542195691858,28.049114794520936
5,14.482142140714153,19.377061232795956,28.39369026406488
5,15.51003155617116,20.47185505667943,29.930841698319345
5,16.728773777126676,21.71964622341348,31.739148295970246
5,18.270812730753022,23.472018916772786,33.49967767871358
6,19.58911810109215,26.428037974903102,34.8436572891584
6,21.568819887044747,29.91476567353452,37.956594611020925
2,23.953958960323696,31.774859511785703,42.642494452623055
2,25.156741094915112,31.511938369401243,45.130895942621194
2,26.322182253477674,32.57534367521455,47.70547865676231
2,27.913113583239085,34.48468748458222,50.72392850210291
2,28.58909404097661,35.684543632160214,51.94116055441622
2,27.732674849352293,34.60119335243243,50.79619238620922
2,24.54038059444244,31.236376834227478,46.08547871967504
4,20.202072964279804,26.37489834969479,40.63469238052258
6,15.014447908767156,20.434799728950683,33.303648565432994
9,11.333414760300846,16.888423930645498,27.60597683101642
9,9.427059863375684,14.799855533274764,24.55756837922356
9,8.531169856927432,13.546717296997889,22.94528551664508
8,8.1276766469608,13.013257096663155,22.27217794291524
8,8.224836223340038,12.636373358139497,22.14144336719235
9,8.737311043165402,12.596945717091302,22.13594739712772
9,10.840161852255155,15.025637800093298,25.094270482768415
6,13.138240811066089,18.12149087135342,28.695735644341948
6,13.138240811066089,18.12149087135342,28.695735644341948
6,15.90565447722294,21.62431615734498,33.434827936957596
8,19.728717876143264,27.434439939445827,41.17202663122245
8,24.435796011342525,33.80474119637531,50.553001218177
8,29.085470457010715,39.4413806396566,58.28241893717785
4,33.317869583656815,44.87256052728621,64.50220803828952
2,35.081376124996595,46.6980589436577,64.79846477641414
2,33.040559819439956,44.70428088485132,58.87517607388729
2,29.562726070989346,40.99381495639575,52.14452836261854
2,26.17348909344793,36.468115196229405,45.51426059096689
2,25.00717674610124,34.19207446240008,43.15069480287115
2,26.72673312170722,34.788380835256866,46.01349893114561
2,28.061021243607975,35.19121396238278,47.69831492022869
2,28.055150286033363,35.080101750238015,46.02611129334346
2,27.32426116744646,35.13217227503946,44.022610057063986
2,25.132302132054303,34.39140843312021,41.36194832442536
2,22.829636403878837,33.67478341632785,39.32927954430423
2,22.4287932147888,34.709720067120706,40.611118169622436
2,23.649468439541035,36.7353831314474,44.02233671256381
2,24.304414370589026,36.518162394007035,44.898461644499115
2,24.125009353778605,34.522452632794234,43.76460951691331
1,23.43966747131909,32.2420152692545,42.007157906177845
1,22.478133763786893,29.477907866929822,40.069032673139944
1,21.718035558825225,27.2012553053069,38.80667060893763
2,22.148890294878566,27.76169614092195,39.9360264585422
2,23.283553830849527,28.939058907973518,42.143313524876184
2,25.431788425891686,31.693708877036283,45.9517511732101
2,27.746985911381092,35.34941558670965,49.34491038580783
2,30.924012809954416,35.90727823359125,52.85305621441486
3,32.170076161295135,35.60210972468148,52.27203044879825
3,32.83406224788858,32.96258452828137,50.652186189931
3,31.91558237353452,32.5368298491615,47.03040039292066
5,30.318627197889295,28.79798094029588,41.12878278076147
6,25.430323534110304,23.85505736044391,35.2373400460693
7,17.716039650142935,22.479534314248998,27.726929188350777
5,11.851384351848498,20.1460397113089,21.07838174224605
8,10.15241390015946,15.739372365105199,18.644106807133525
8,9.078188861385973,14.436485130154448,17.805222131996686
8,8.284579053703153,13.65734671647377,17.22038406192279
6,7.438781712101557,11.84661700366448,16.462002035696106
6,5.784571511313173,10.576300943347647,14.348883563802342
6,4.785769449097212,9.778170958676982,12.728400825793415
8,5.997215023952428,9.067022735684475,13.714556914604652
8,8.183732659705779,8.879898183415184,15.244086125152892
8,10.54165255223966,9.770298457674608,17.15033929799966
8,13.012914769953914,9.867004038199235,20.016041452717037
8,14.693508199307134,12.416215214691249,22.566590208185584
8,17.187910219830425,18.201880695667413,27.201796798378254
7,20.696444982547757,25.31964673997009,33.29739110615061
2,23.635658535922285,31.808131700982862,38.927149859521585
2,25.873665374700007,35.95492908838921,44.65842866212402
2,25.232967588456845,34.30739879287628,46.11690405267781
8,21.257616977881725,27.938495047797165,40.29178575021519
5,17.487794590882043,21.462208673027796,34.35720958715735
6,14.411752781445418,18.031281303293508,29.823829656947765
6,13.008115841533165,17.065303163497845,28.444272127234253
6,15.854276457128844,22.73491170148235,35.29646641876927
6,20.236951974140517,28.346882963438016,44.47158984880792
6,24.598375526949617,33.679189028188155,52.65251332664335
6,25.556193738232107,33.20048259051519,53.360710684506834
6,23.908309676748257,29.167795653301216,49.12034768609812
6,21.794541271607923,25.882388384266925,44.844749579840894
6,21.794541271607923,25.882388384266925,44.844749579840894
6,19.32099286506806,23.481907737495362,40.3353011460259
6,19.682261951316594,25.203367250891365,41.325398953010016
8,24.053273753205097,29.129150630264174,48.633427952749514
2,28.55231922108371,33.66480649417395,54.40848443294224
2,33.2342546847278,38.28610516845112,59.83713848776982
2,36.21732372955498,41.48507448294668,62.42140758933114
3,38.67717093517177,40.30309885455224,63.34267104450575
3,40.804017402637726,39.422049881932445,62.74290155503961
3,42.42599483395413,40.057749497475506,62.175593719717824
2,41.07405620353451,40.61103459034406,60.295444347107974
2,38.96802027703548,40.10643768618775,57.21178668294454
2,36.07322008412709,35.915935615493986,54.21125993885922
4,30.645455229201094,36.371039669058604,48.77769409166416
2,28.183601179137675,30.155398081977722,44.90280911735601
2,28.99072107566034,26.807591052305288,45.75556438240761
2,31.758660462228498,25.703775669005076,48.48639616015288
3,33.85364192219819,28.497479033791805,52.10618353405223
2,34.19170782237376,35.77112250185056,54.440802263912346
2,33.81052216927311,30.664845124741124,51.71145460204391
2,32.33136119088224,25.520509200560646,45.93781908420297
2,26.425456199917917,17.567763916963283,35.84802913737926
2,19.30677985956772,9.846340034624138,26.855716819706327
8,12.425512474271386,7.661981262863928,17.59078794515019
8,9.078160741452924,4.121249833482562,11.66766905604267
8,7.260331989191116,2.281341543141567,8.936127914050402
8,6.804588148843185,2.409963645076719,9.693566585231338
8,6.669082075633336,3.483290115243093,11.339547287245527
8,6.930518490416286,5.290061968819421,12.742872960623215
8,7.080331801543052,6.8899159366026606,12.922800594716824
8,7.720534345965367,6.770962842202336,13.624343238671226
8,7.807789203511017,7.3271013734234405,13.691094748911516
8,7.702486356452023,7.3000770791657565,13.41932362838423
8,7.232519935896874,8.16189540665274,12.670097856294724
9,6.559384981089143,10.11970771361249,12.63779719684875
9,6.781811023786031,9.868841537455356,12.809546974968654
9,8.38784748758564,8.076191423177137,14.355046694270733
8,11.229334938272332,7.023485175591252,16.970914600833538
8,13.61063361282942,7.067110783456628,18.594938286297815
8,14.778375425576174,6.306859358079522,19.56106142973959
3,14.87946582975698,6.111932170565137,21.058199352978814
3,14.24577429610899,8.118270065163937,22.38726172108856
3,13.119504693274159,10.14250333344174,23.012620837903974
8,11.7934196338239,12.099120341672693,22.30306401607135
8,11.26591727390978,14.608346660381967,23.182474703806253
5,10.988388278302663,15.840093447334818,23.740203470320267
5,13.111983794420214,18.8823761972515,27.988756149924985
5,16.815569689966136,21.82336820247042,33.77947623035847
2,21.054195849557487,26.175590017635145,39.900044221440666
2,24.880042229278143,30.584292554344028,45.505174143497094
2,28.22554236331654,31.777672146091223,49.172672379910836
2,31.506325884669728,32.397183958824854,50.99413371459588
3,34.872531079346636,33.75900851355478,51.89046759944928
3,34.872531079346636,33.75900851355478,51.89046759944928
2,34.95487913017211,32.77391426459722,51.01271188678136
3,31.779346827586483,31.238693834720895,50.199315683755934
2,28.4442577189432,32.09658122211835,48.16221145927102
2,27.626942285777112,28.645409835094856,47.453153653900564
4,26.92613079482837,29.30817141301557,45.41639333615795
4,27.75144277313466,30.824884714379223,46.54360010623175
4,27.75144277313466,30.824884714379223,46.54360010623175
2,26.74923922223966,30.028793127355836,46.1008008120737
2,25.013514441582537,30.7421472339787,45.85398723659113
2,25.02353105761618,31.09161800221302,47.40148355142544
2,25.555636991313165,32.079288315078195,48.027415159123926
2,26.89771780911488,32.078847873061115,48.70737382848926
2,29.557905535127077,32.89572310115446,50.81200982483827
3,31.661837078350686,33.84993424403002,51.52070559695044
3,32.062224075607666,33.78333065451435,50.298026708060014
2,29.39666030405428,31.200528913568412,46.230523698956056
8,23.150814310274008,26.133907149415368,36.653906209437146
8,17.083486136409753,19.811518330238915,27.53065076486759
8,12.511052296500157,12.10456985850058,19.54175088081641
8,10.170677023581208,5.516686465694944,14.989024053440222
8,10.010988694076982,5.078647439722264,14.215610603928898
8,10.259570102359419,6.045888214506256,15.00361227508919
8,10.201879872522177,7.168459487948481,15.439922388590908
8,9.711433621248693,8.749652808693122,15.159002337557824
8,10.218122034752652,11.218550110753942,16.54811903283641
8,14.325831436241254,15.727916530746828,24.063860842206005
6,18.82548157945568,20.25010373251793,31.717228682171868
2,23.15208606711721,25.762121740870853,39.522510986401336
2,26.98788787072004,29.67581542826016,47.569229090489124
2,27.773811945429838,31.935355180836268,50.20911784993446
2,26.943428000507122,32.798756444914986,49.13982781757062
2,28.524815240742644,35.567314961345836,52.16829820482059
2,29.98822054013089,37.55506325163074,54.077786866800444
2,30.603549805143807,38.611246680289135,54.46231765653653
2,30.256346701367086,37.45729242911378,53.19615700797523
2,28.841076079518388,34.84285394077496,52.00064846909051
2,25.561372290543634,30.34830152971728,47.016475886587415
2,24.156474567585903,28.869319996804826,45.62988813611825
2,24.72494736771678,29.31509257170919,47.097418818914264
2,26.45113212078132,31.680313950563534,50.08866914214006
2,26.45113212078132,31.680313950563534,50.08866914214006
2,28.21153406068062,34.91206544543019,52.55144830950282
2,31.666521583668594,36.75986168368135,56.125514465061734
1,36.04813461794445,30.040282342018905,58.77318467592738
3,36.756957925714985,27.946389856073456,53.84225507817486
3,33.04207052163781,23.187716206543776,45.535592414119186
3,24.75414451692805,10.89347122408882,37.08314764015178
8,13.693736570966712,11.33726088169704,23.977135442048283
8,8.250718346744463,5.096748407025968,16.193561070044787
8,5.501942328447386,3.9034985690640664,11.666413912830821
8,5.434538296965957,3.8488233723958483,10.756151533783477
8,6.591598862885082,5.072754747424004,11.779653909846244
8,8.108393759262725,6.040262959770436,14.401670733724892
8,8.121475748188098,7.279090926663975,15.945155946253307
8,7.764646254055815,7.901886551961107,16.879592619866155
8,8.127965663272063,10.078535958912036,19.012795637468972
9,9.055350574255678,12.696564205647686,21.453132443073496
8,13.413100543049747,12.341307203078257,27.53737729653759
8,22.24145106612189,11.950431919990672,38.803958297454834
3,37.311791303831775,19.70908345078784,51.831582651994594
3,38.28507528289666,23.178245892110386,51.872710836087286
3,32.55634695250848,24.103112593318983,47.06897877622474
8,25.16630808985127,20.32073658778218,39.01971872910106
7,17.69655207767076,19.59594960715996,28.514125712401807
5,15.070235658815045,15.725617209279202,22.746726715465634
8,15.402835396522109,10.680649985779597,20.22950512055986
8,15.685916257951233,5.848874753709991,17.885633672783854
8,17.095168838259525,3.4608446324216287,18.17520409873873
8,18.08892911206197,4.335854998019752,19.07142753238757
8,17.83891441539868,4.653046150988385,19.305670733560174
3,20.46900376114049,11.816763436197405,28.54619831127552
8,21.24328675418908,17.364924369555258,32.35081379572624
8,22.742726685661005,23.875405194709284,37.488990103090956
2,24.720215482568573,28.048559839798934,41.76769586357544
2,26.62174557909449,31.01075087165708,43.98330974807069
7,28.39307198924703,33.84668077209554,45.136128683806305
2,29.56777485285401,34.505885717805505,46.258710514527294
7,27.294054466207413,30.813007184730598,43.39082239525124
8,24.2953378454286,25.958749565662547,40.48421268535571
8,20.975280075176325,23.95140067849461,37.09581498769041
8,17.229506891139305,20.780593480468248,31.532950818297657
5,14.313178615507045,19.809505289516103,27.42781498297975
8,12.569032068868715,17.35397731320529,25.18675761170718
8,9.99162813573161,15.367239293812922,21.706521168972966
8,8.42046828906972,14.256718441914366,19.74721493761367
8,8.538292587689973,12.606453399753725,19.246117932726538
8,10.802327478715027,11.239423349319399,20.946208302358837
6,13.957916267173854,10.451413492570236,23.23217332417912
9,16.625068349259372,8.996303855183692,24.882384816104878
9,18.27873012881391,9.228723607360973,25.88806879155414
9,19.662640820801986,12.367793818521344,28.78069661812169
3,22.4813198459891,17.81360495757358,36.588344662373075
6,26.6140897569207,25.650271954608517,47.250922802304856
6,29.52434170101764,32.172806960470545,54.99539369179525
6,33.58747673989969,40.884425296974335,66.66470978563493
6,34.88427040525073,44.385523827332406,71.5476240053932
8,34.57140063781264,45.953249255231825,72.85856430039864
6,31.612130451223106,44.9959331865837,68.19477383233044
6,28.14112599481243,41.56044037687245,61.82602633335674
4,23.241408304996458,35.14720076539711,51.19896280384875
5,19.13851232313911,29.388935397528964,41.29551068983684
2,22.15237834679567,27.64891962023879,43.47246522078031
3,28.777922894527684,27.085788228567814,48.971811119934046
3,35.67443914216172,36.08235762195448,53.2142961605909
2,39.16466023755345,40.62047530186425,55.41662512128166
2,39.74194064733923,41.06008563572563,57.7688964271045
3,38.00830796300062,44.717435115188636,56.05708927193911
3,36.74358039177705,44.89381074051238,53.66181888070234
3,35.65685571161435,45.07315329374822,51.09986508901075
3,35.70750043614207,44.304160894673906,52.291824057211564
3,35.31449149599221,43.96140203063496,51.82160738848636
3,35.17326209800203,42.854481016352366,52.113771457510566
3,34.75302432033108,44.48867596621568,51.7082000272139
3,33.517790467597735,44.79090156705994,50.736880583895775
3,33.243577142850505,44.14876343409197,51.54391478664885
2,32.679198916809355,43.63515381501046,52.718757833005874
2,32.97483728825127,43.67779731679111,54.47515940134422
3,32.324218030136926,42.848692906868,52.59474504498776
3,33.32675569830739,43.94513407636535,52.44901944168544
3,34.43334292848538,45.60949602122224,53.91584914029026
3,34.234248883276095,46.31263624359497,54.518413992639985
2,32.41021618407493,43.66280153762289,52.34428349290557
2,30.968004314727025,41.69092601717155,51.25760170397434
2,29.4266206406928,39.86254978957737,48.74324243441975
2,28.426784466485792,38.54648257712859,46.84123657114788
2,30.911893018082445,39.63815594067078,50.05709814727117
2,30.5624167473318,39.30309360537914,48.68867367609441
2,29.678554043257556,38.93037708630331,46.48067124258288
2,28.568950566406354,39.13164246316385,44.28070180001287
2,28.47670565326592,38.43722564503558,43.27627458622883
2,29.126741651678763,39.65490391281894,45.26921543854845
3,30.74166268970078,43.59816353705342,49.66112872068835
2,32.00892808891436,43.777297034345125,53.66224242905025
2,32.76815247982409,44.41649734717569,56.627432535285
2,32.93081637036225,45.23112268407892,57.243897775714785
3,33.29562616636188,43.58993530660725,57.2159289735585
3,34.798330182851664,44.001834447983946,59.2456011806256
3,40.43667366868568,38.15941689637277,64.32462691962151
3,42.25466760076416,35.17750294146658,61.926741462457485
3,39.83721709098277,32.431940420867,53.312222484242895
5,33.95898907556314,24.772019481329682,44.1166616047328
2,23.232367682808135,16.628798512742666,30.952232043986296
8,13.001866059111435,15.53186724456045,17.81904363878176
8,8.327873949523257,10.204143605509728,11.295660384182463
8,6.527137388560973,6.150676448705712,8.58031119009061
8,6.234800685249459,5.175762021613302,8.550465921912952
8,7.360417875692254,5.901922424205326,10.108296457284462
8,9.77716187847779,6.391935026859656,13.638045274984725
8,9.77716187847779,6.391935026859656,13.638045274984725
8,12.126655435023716,8.686463304065713,18.219266717298627
8,12.778602064588917,11.207513186112722,19.766396304842672
8,12.899670137165119,12.578887480391312,19.99535711649533
8,12.983472613656916,12.134563654026689,19.957906099527587
8,12.148612844362308,9.125448821432453,17.629866687238703
8,12.014209806041272,7.852217729634451,16.737803366535704
8,12.275031324812808,7.46579074922288,16.532258498764964
8,12.194630959544742,7.38423609371902,16.627678159297606
8,12.605043100980478,7.7272928394591744,17.444101133390042
8,12.528450629639037,8.124045292067791,17.59585329206864
8,12.760561015572554,8.70498196467598,18.2643490131184
8,13.031811518698477,8.804303198046865,19.454579221788517
8,13.50464901397245,10.068020475494519,21.312866676232762
8,14.314624119095875,13.694830862222778,24.392001907758434
8,14.74905795352256,17.17470699580763,26.91930260618538
8,15.021020647120265,18.603559750517455,28.520655842347136
6,15.245191252162265,20.646739766844547,28.73615070178431
6,15.382609385819503,19.87573289480742,27.631218075281044
5,14.69990895197144,17.787002218163682,25.263591496658382
8,13.464747319177073,16.20161914669253,22.302784299142008
8,12.890142624555558,14.634105602425397,20.745661045394165
8,12.71568713080018,13.29262828294168,19.665402231520705
8,12.779605903333163,12.502570657402686,19.583427959823354
6,13.243102291795703,12.23903598183497,20.85268914719543
6,13.545201018616478,12.400152705967207,22.136072739987373
6,13.820277787392476,12.553879846071451,23.267858754525385
6,14.15465327833935,13.589772593671942,24.27034616101927
6,14.032943716453198,14.224830730052823,24.055558654723793
6,14.349226681389652,15.273250479402302,24.93163978408796
6,14.894820246628186,16.337183398778244,26.340868919217
6,14.609301890374555,17.048435788035505,26.362348117272994
6,14.595603599819386,17.644962583555373,26.678827125515575
5,15.009673967159337,17.92261977124043,27.605477853900545
5,14.543132026863885,17.16365778732315,26.998920142456964
5,14.070086400705826,17.247913812017956,26.20901448781948
5,14.16428236512056,16.867554516207488,26.351134774729523
5,14.384856521205078,16.77263434658386,26.884066124094897
5,15.028475460446968,18.047022467109063,28.55443386195743
5,15.251059144905746,18.516819355352638,29.08733304600045
5,15.301115805700602,18.47256953793403,29.172437887482644
5,15.716811839399053,19.555847644454065,30.129134709331897
5,15.201799675239501,19.043877485103195,29.123971483397447
5,15.758037946373939,19.97388928609459,30.114051106955408
5,16.20096372118307,21.721605285442894,30.944065287418375
5,16.344454961800512,22.572903394731874,31.50236060039792
5,16.605436006083075,21.22186000872559,31.664220757834805
5,16.89690914764416,21.59154292187286,32.49385526295942
5,17.21893858470297,22.573525173771923,33.660114942079844
5,17.83089161660715,23.538207317549585,35.32831115555385
4,19.729907627045087,25.67025931779947,39.44534765677561
4,22.193403423789125,29.373356682596704,44.74251535730409
4,26.17380858709512,35.20173872700338,53.65935735342325
6,35.38135131268831,46.22136930199972,73.39721078765216
6,48.27553932279619,63.87483189761673,101.29690459005984
4,62.61767775590961,83.88368783218677,131.75817044764028
4,73.02390025323892,98.58256534335781,153.5347222132466
4,75.19209435370372,101.37587838858282,158.2036262772459
4,68.44744924015664,91.92038004119713,143.80557381537446
6,56.089197643547976,73.6719063277627,116.5288674274196
6,42.87948786060171,54.556997506930905,87.0329051396608
8,33.888492940376985,41.90920364335155,66.30600176069845
8,29.296114849048223,35.13681163748217,55.3164828458561
2,26.073739159896785,31.146121361232304,47.71688851651511
2,24.75114856656205,28.175490372773012,44.10476303341631
2,23.695372625719273,26.52877959114424,42.15528164311134
2,21.798493327532707,25.25423388344386,38.898016572742776
4,20.599267764986767,23.31176710065867,36.53427256199724
2,21.064688394090783,23.340114696493963,37.06941465253056
2,21.506627014117385,23.936891960211796,37.46772888525943
4,21.01509129067925,23.1642500980708,36.05542585836988
2,21.68710648764641,22.477720702362568,37.15628666192224
2,22.783726379564214,23.5169541738922,39.18493140082492
2,22.567999655995116,23.872459930483256,38.57276468166486
2,22.74418308823248,23.85527962761761,38.903435478479054
2,23.093368865990232,24.033327394598533,39.53703433608838
2,22.989561062411564,23.012171830117744,38.69193930671319
2,22.524904225350863,22.626630645214878,37.08389239825017
2,23.366471459281858,23.024617238965956,37.99108050499568
2,23.488322844609026,23.22779803855951,38.161089685692644
2,24.141202817629626,24.901909790896227,39.41619152446502
2,25.032107586726585,27.217330500946435,41.14346454896068
2,26.317968379577554,28.907741362759086,43.249275984635375
2,27.24961160508187,30.46911218618908,45.01808123673003
2,28.07936903267767,31.912907460172573,46.091469046516025
2,28.854782596552756,32.82899318122276,46.400569324553814
4,29.05263147609474,32.99341157029894,46.41146916868679
4,28.955168689978827,32.48208550894314,46.64252619349389
4,28.869354439341688,32.27463725336477,46.74494827964377
2,28.796390051939603,32.53596059309624,46.660717834425064
2,29.081999679529716,31.65278762332104,47.02275254121262
2,29.088720513867177,31.449722892443138,47.15340901065949
2,29.09407796040371,31.0118704928637,47.37992095014915
2,29.380752003790043,30.131912459755213,47.719568505501144
6,20.654911799162907,23.442122556593795,34.55981903798109
6,13.552736807763587,16.445926353292407,23.869722878567607
8,8.664090371376705,13.087656803944192,18.071748258843485
6,5.660842334273415,8.754516247903332,13.867846011171556
8,5.446761124549399,8.295473676147301,13.901954654778097
8,6.106583501563549,8.223904380522367,14.525758651707145
8,7.634159970863824,8.918960000261638,16.223205507578722
8,9.28857122551753,9.671900282454896,17.853849406181688
8,9.586402377981482,9.90501740626307,17.762325349865268
8,9.220884549673038,10.87603528243323,17.64267857179439
8,11.029391160939888,13.817256163588036,20.34862055517561
8,15.22277438732049,17.986463183837238,25.688320805220833
8,18.329594715495777,20.09676626594144,28.97021477905984
2,23.207924790061256,24.63023479804277,36.21681375617225
2,27.34269025802855,30.041213655227114,43.65415828073311
2,29.63820333231103,33.130780248012634,47.99287544003237
2,32.61130199187481,37.2135797751496,53.899776919728254
2,34.800899955529985,39.929987708528884,57.999763572357594
2,35.229551115784986,40.07193402470818,58.35813950320772
2,34.59658286678155,38.89923734287612,56.802427453494154
2,34.09549481753339,37.97408733362907,55.7648733561485
2,33.71904557701223,37.379283872915394,55.67011009706643
2,33.62070535308764,37.25986574020524,56.2107361660778
2,34.998526944525935,39.18455613190485,59.41778492667185
2,39.16306552476392,45.00054916799043,67.87152982432781
2,44.484769780948355,52.6077568582926,79.27027113663029
3,50.57037070430502,61.68160822884125,92.67536335465304
3,52.436540817434256,65.14855351349102,97.39299350440326
3,50.997073165567066,63.66750552404314,95.2382093122516
2,44.575275418636544,55.27458408442512,83.06950630810465
2,37.190551059474586,45.785701719723576,69.55453914458245
4,34.3679710411874,42.54337634675734,64.58080789436082
4,32.61322269319206,40.5967662503534,61.528222968967704
4,30.903267197409424,38.51135832235283,58.79219635597795
6,24.9087431050627,29.618282523096962,48.407956938280684
8,20.860462178023553,22.81357224555428,42.09036088099598
8,17.21817977967413,16.84421774143201,35.33517660146752
8,15.000823009942593,13.373404632968052,29.829167127695627
6,16.56834421946113,16.30801664527028,32.798114752299654
6,19.506208677493753,21.29979338993322,37.73226613684569
5,22.50770850119108,25.988056771682157,41.67160639609983
4,26.806224761545423,31.90217534872638,47.51546940589652
2,28.717764131321562,34.02393513152287,49.61780694252128
2,28.026802283441786,32.94120091734903,48.221555926838
2,23.590042135163497,27.171524848816766,40.990657097538374
6,16.262775130354964,17.233444005902932,27.258260107475085
6,12.89764538986444,12.682310705025209,21.792924663145502
6,9.55423649284498,7.8263045512241085,15.75416754297179
8,9.82947960832351,6.974131205860088,15.587712260366926
8,10.70210148713018,7.624832995412713,16.923632835102374
8,12.551699104413148,10.402911769393027,20.988642589446282
8,14.708219226822179,14.381280514518329,26.15851634508556
5,16.584260374659504,18.087586505425513,30.7395816587306
5,17.81926744806128,20.73630112608832,33.34834625290418
5,18.3957394318638,21.75849164462503,34.13740890948484
5,17.074432373864948,18.966397438024234,30.760550830730622
6,14.984546911697743,15.557647600100905,26.202196436470867
6,13.594637742756845,13.4861666336149,23.603761246214248
6,12.928563394172121,12.59009044279505,22.34201260449298
6,12.804690923702555,12.479060798775826,22.20451033333703
6,12.780275779672062,12.825561599110111,22.52201026679229
6,12.98819971989278,13.92007582754231,23.78125158342212
6,13.324702394840632,14.941864072571024,25.303008832138463
6,13.588013861936938,15.186296058968445,26.32530545365502
6,14.12915076405034,15.7762869273195,27.591317758320397
5,15.228495337642665,17.392453465103923,29.650626582009046
5,18.53115755103163,22.482491606925944,35.324348030353015
2,23.637014782436047,29.180487748321323,43.66848923277773
2,27.819550439942585,33.71509669621358,49.908823540394756
2,29.43750303434004,34.303661008951735,51.390409405932985
2,28.81507962081573,31.548888722990327,48.897040373365286
4,28.12302966647208,28.748042495814314,46.64988986455382
2,25.816608776721232,24.034732128482407,41.729050372313395
2,24.69398280299417,21.976218766983983,40.58397103903536
2,24.62227083798234,22.138777924325915,41.14016060044109
2,26.67453589142341,25.6719697960045,44.93972176041036
2,28.35002218474002,26.56731008523989,46.28774433885828
2,29.41438921979631,25.823796676394444,45.98654922607205
3,29.772454579034576,23.53791532267362,44.228260338188946
3,29.88467558973614,22.423318013335006,43.351912382086816
1,29.763342363145522,21.74249058672549,42.574418214727984
3,29.44751916895005,21.085998124831267,41.819328572823316
3,28.90153457050807,20.700886629738932,41.47133943000135
3,28.465435196670576,21.069731812097604,41.907648066772246
2,28.150473324851827,21.934089726017362,42.7681373997541
2,28.24145712338979,22.76285306493711,43.575135264102634
2,28.28741719659466,23.956716111273295,43.961346684158464
2,26.188511604809413,23.01106284399498,42.06461108106792
8,22.032642368249405,22.231570932731756,38.27565826543936
8,19.2808745582368,22.717986153999632,36.841433831245695
8,23.68505616081089,31.02704824778865,47.74914806010612
4,26.222653583758785,35.51944485047681,52.80228798837644
4,26.70447684085271,35.96725895044728,53.44424655263945
4,25.084092498057522,33.121690433327785,50.27872073739144
6,20.340540040239603,26.0094200293285,40.83136677161154
6,16.75312423091583,20.19127824915482,33.09992648953255
5,15.360727565814567,17.93570890109462,30.341465748192107
5,16.08348980581397,19.07487531047295,32.48298254642119
6,19.178109812307543,24.72710485848423,40.24972509737164
8,22.416114182459875,30.017841078448583,47.47659976457985
8,24.830592605236582,34.282276231861346,52.408637226396955
3,32.94620990524877,28.22083920745422,52.44257852568095
3,32.62705456550312,26.839808746779948,50.719904276789464
3,28.97140693780113,25.00978835397752,47.064813163922224
2,21.718016685572803,22.200459809129207,37.589049726669884
5,15.976182513065545,18.40654760310878,31.361428102948267
6,14.765400752580147,18.22130342569713,30.446612543599414
6,15.98004456818113,19.901786087230512,33.00663135617919
8,18.600896802991176,23.376686079236,38.4966660027831
2,21.470282273760148,25.914660672798153,42.545947097110435
2,24.427659255284475,26.31299292038213,45.056168477161286
3,27.67149355071078,22.692420949703394,44.64431485805632
2,27.09976687561363,19.220234374604384,39.292217703160006
2,23.159302467072653,15.370300542477988,33.08295162016016
8,14.895378261153997,10.67509992111712,21.63360630372627
8,10.102251267126029,8.570656224671096,16.524413912808726
8,8.322318990712368,7.823161890162176,15.434100796325371
8,7.452775227171507,7.7462049734835565,14.54743219077697
8,7.004814237855983,7.5651753566782665,13.871809086817047
8,6.5684501617572595,7.234884278233951,13.23365133401461
8,6.080164145281293,6.565043658222658,12.518368781660207
8,5.662373195324595,6.081261816793848,11.935624888782463
8,5.419463977902567,5.9120847761592,11.865935330444362
8,5.489299925925561,6.053646718160356,12.06955146580856
8,6.780817096217915,7.854398687492295,14.911189715706946
6,10.505552966363792,13.399294386844474,23.123330740998778
6,13.119496973023201,17.527214518699296,28.483573231136205
6,14.286731142964978,19.709037875691145,30.961369695070175
6,14.42486239224263,20.378649925395287,31.377378903171376
6,12.241100021047309,17.548950342430363,27.711221384035987
6,10.842438911404356,15.680857208878617,25.46748902952547
6,9.789620293424603,14.391787717086265,23.981775189822752
6,9.561263529804707,13.76856579875343,22.990010605319746
6,10.467710209081096,13.75020740168942,23.312373070641108
6,11.000098223329053,13.91922621619812,23.380425531049955
6,11.042332414289298,13.48955625574756,22.68928626804235
8,11.39976954258078,13.012475843370945,22.167871257158478
6,12.183119363411734,12.631369068159197,21.365657778868087
6,13.075722463517446,11.88478051640491,20.49551829291154
6,13.320522040656936,11.323513447782487,20.032023061481425
6,13.181086247154854,11.20581277663028,20.103113866782536
8,12.625023065448083,11.279678010487727,20.60451216820643
8,13.446443253609212,14.164157381333021,24.55130817373718
8,15.82821009222087,19.8399622201661,32.161914752642645
8,19.388402221745718,25.212849385466207,39.975633440651414
8,23.74108543957841,30.49404875188116,47.919876250988224
2,29.380929966191967,36.768414374836404,56.824932544054434
2,32.130803832510566,39.70171859273903,60.03776959276323
2,32.101072035928716,39.64005533138173,58.97696214040117
2,31.026147880020286,38.81728744209507,56.60295161318115
2,30.259185913941906,38.00898071947234,54.93443773962888
2,29.263054371073704,36.76958699009378,52.99545975297117
2,28.04969372675478,35.14025964212164,50.82279445056768
2,27.875032008994403,34.44246497351727,50.29239832487001
2,27.96643958605068,33.90091729701357,49.863704819262665
2,28.25490108259863,33.33472280101803,49.435525697922735
2,28.899262562804523,33.497625260819845,49.75249093337684
2,29.66631464706738,34.47217801730505,51.00243523644556
2,30.08630682444194,35.24364359664567,52.85710311746914
2,30.36731469851133,35.60199513503321,54.05061429700185
2,29.939500360290722,34.62641952450559,52.809527451147545
2,28.87564072934828,32.59827469602528,49.230382081722766
2,28.368171255298556,30.969553068409688,46.081738286753016
2,27.815365690907885,29.0369180473594,41.635540170870875
6,25.649302012910454,26.206750590516194,37.13720198219957
5,23.123926102292728,22.945904445074657,32.468418013912306
5,19.106749568236204,18.257662113326024,28.250545307431217
8,17.72694757117107,16.19242645854518,27.358289318878253
8,17.46317754218011,15.292485307062393,26.957058488925593
8,18.604023125082815,16.05105662285805,28.705513368280155
8,20.140543707160973,17.323265813024946,31.258386325314095
8,21.267968898634134,18.298388819057738,33.09754670766141
8,21.775179570197356,18.496387728153604,33.593842574903455
8,21.8402512900809,18.362474891099254,33.19413740253957
8,21.728649369645286,18.05019595201348,32.48098829960072
8,21.847238358693275,18.052266944153256,32.24835133229819
8,21.82955809688179,18.03191581874674,32.10328398845457
8,21.37168338158673,17.795400617405683,31.689188448148197
8,20.60913924418086,17.513728580731307,31.340900376427317
8,19.92808876829674,17.697024348699006,31.460235659870012
8,19.612383012045658,18.48713729503841,32.12147051944087
1,19.999613651834274,20.053150674305307,32.54448125900517
1,21.08325109454565,20.9241803708624,32.479534356509845
1,23.395473966712622,20.832837120351726,31.705390953646216
1,25.50501547516261,20.571346554985602,31.692971954919145
1,26.37261019849918,20.683572356434485,32.61875505111377
1,27.425441954412772,22.18758683706383,35.35798503278039
7,28.68590906096332,28.501635329683943,43.43099500764253
7,31.73338535173844,37.48426979906963,56.098513630815226
5,36.69530535730047,49.709290978356556,74.78165600212691
8,44.09937518545985,61.52693700876962,93.319878000923
8,50.1191781656164,65.43507631619369,104.31836513971822
8,48.7954382594846,56.69857544676702,95.03256552560403
2,42.87114743382943,48.04483541138269,79.19157388994341
1,35.461219247686955,40.601726441787335,63.067407602681804
2,28.975173740146598,35.344426919086914,51.51290331526214
2,28.15274739344294,35.27825329242825,51.02661550439258
2,27.81966085904548,34.844724604775465,51.30694132904053
2,27.452129498356012,34.24848954500796,50.77741905465665
2,26.9252675314154,33.52586854900898,50.10071979643752
2,26.490633502680026,32.86561386296712,49.823568820099155
2,27.401874953842636,32.24975796855161,50.869103052818815
2,29.86268778290252,33.18389849592886,52.529474700087626
1,32.35322401570981,34.28130001521485,54.55398010351733
2,33.23757519372545,35.108426151511,55.62375634353259
1,32.41033825559414,35.34885708085173,56.12835941924323
1,32.41033825559414,35.34885708085173,56.12835941924323
2,31.324819253498394,35.65977368086474,55.99729711143666
2,30.359206988211735,35.59396262028944,55.346480065595365
2,30.75388295284252,35.165020389304686,54.6365581974388
2,32.604856342540856,33.41972935036534,54.1807826379639
3,34.50705107674082,28.8105529423203,51.759403537877084
2,30.22724353756639,21.315937423661442,44.590861521409266
8,21.714720171105277,12.142939680759731,30.385914767344843
9,14.827192986454826,8.525642498932733,20.75311588630246
8,10.323786664298277,8.032721536688959,16.062243619448942
8,7.772676213566752,8.293677873461004,12.490452908510502
8,7.646936087493226,8.076725052682226,11.58839515504163
8,8.14276965225536,8.21544649841889,11.74210654409074
8,9.155928774657816,8.661808154618646,12.997584598485
8,10.058589607323364,9.53402535641832,14.681166858012142
8,10.24080147909904,9.847293825384783,15.877792208408435
8,10.217758562016655,9.96012324377873,16.75754862704898
8,9.871015920169768,10.144097756714784,17.672699583351893
8,10.010760014847264,11.665260644331342,19.7305965040914
8,11.245664090108548,15.1553256786583,24.316388317487636
8,13.640590432498035,19.308293861699553,29.42233389633773
1,17.741064993702082,24.075681533147442,36.22102858836508
2,20.8781812258035,25.957690526809724,39.149039739269476
2,23.750591548913295,28.15064773231254,41.54442100872678
2,25.587883187418843,29.22926477778689,43.24450094673009
2,26.488795337287677,30.028122468314507,45.00863674290285
2,26.51155682745547,30.500046999741887,46.18198228223674
1,25.81203855512899,30.451823720774065,46.59889045380583
1,25.061120052295934,30.002739028978784,45.64738261392045
1,24.52834753686037,29.752175153145057,45.19949752789133
1,24.57765476044363,29.933678607511204,45.407383255612594
1,26.152927089001423,31.636732446680462,48.222748445307765
2,29.568477178516716,35.13371802307691,53.49282654426897
2,33.561899013663165,39.4127159509238,59.65032127727239
2,38.555202376666124,44.689989056116936,67.24699267643136
2,38.39392371089441,43.73187386971227,66.10446246165068
2,36.772009455869686,41.476748029488355,62.68833493820925
3,34.335079212239904,39.53312444676677,59.484626871109924
2,31.764511121564976,37.54488608792646,57.28714796409801
2,31.77271769853456,37.15207330018076,58.45116213527271
2,35.50099272275252,34.646239500449596,59.823759383244436
3,40.12069388276569,31.874732561541457,59.86860613702326
2,40.127144759521215,21.41429474914301,52.187244695932506
2,32.75691211377663,18.7043710076732,44.144697432136006
2,22.743528289211,13.404177526743775,32.55794809893232
8,15.073086058880595,10.151757423490158,22.240054605557898
8,8.623054049072596,7.215734263142651,15.806331604793808
8,6.077407595934111,7.633633984566914,13.277267375805858
8,6.2932914235380775,9.007928045175444,14.774262102816646
8,6.825726515647616,10.639342056626274,16.67519826468135
8,7.179026053607492,11.96371117637638,18.33316749803584
6,7.185038285514673,13.68575298556098,19.87937239178935
6,8.14913372255425,15.58078011860968,22.271263576377226
6,12.524233478963774,19.882348332421795,30.62916454830258
6,13.948093292846652,21.650340047845926,33.82104284023417
6,14.639526404097957,22.75790462306369,35.61731950108072
9,14.213950454036038,22.295011043994787,34.82984330388854
6,14.261083704242756,21.801612899076158,33.98522136479727
8,15.353288792441118,21.94721155833913,34.23594697233544
5,20.14502513213759,26.585149249583576,39.247217342053816
4,25.455043822081,32.86929762340943,47.39117466985886
4,25.950983566346853,33.61863661944119,48.0270499031562
2,23.21360319962411,31.215132780072427,44.81641264503863
8,18.683956804241163,26.536910619621985,37.68671373316942
8,16.921315047801677,24.798928797065944,35.63613175903419
8,16.68054189526594,25.012199762118946,36.07161523634749
2,23.524966983694615,31.614618136260273,46.43872310924515
2,29.457433160833148,32.79503919688253,53.00255607255623
1,32.55320074436928,32.89758723705096,55.239671968146276
1,34.71136376956966,33.09406612817208,56.36479456085126
2,35.622983119554114,34.04264572793202,56.06137969033405
2,34.947160666616675,34.42596323237229,53.83976090331521
2,31.91074106204108,32.18938738389476,47.76651139458739
2,26.563195102316303,27.50137059272528,41.606956113536235
9,17.274552301995694,17.993718665492032,29.588390417422275
8,10.22111178162786,10.731409501194587,18.638866069652053
8,7.878440920282295,10.263226798251873,15.787160829354574
8,6.363912731686807,10.206448684690596,14.371732745541568
8,6.580017247725837,11.104230441806578,14.458065061482397
8,7.97827916282687,12.720135782060908,15.776219749380187
6,11.361534971203419,15.559937037514583,19.212684048514923
6,16.216725636808256,17.853825034355026,23.754625995033056
6,21.703619482872945,17.85505698023862,26.53252968565611
8,24.261196778908555,17.024204847435254,27.946253089000706
8,24.401202001256298,15.957002484650856,29.025249739755328
8,23.205726338989486,14.695391487629125,30.45614898580268
8,23.69780442439634,17.5257798790486,30.786470898511872
1,25.47831102285416,19.75756631883655,32.63975089512378
2,29.608116970842765,23.180340743097837,37.65699673505264
3,32.419370292414,24.489598656989216,39.944367631404596
3,33.36638028148292,24.446297212094752,41.822903869399525
3,33.356991019631636,24.68123194932955,43.093091533429934
1,31.74672051469707,25.073488045181353,43.23188636637438
4,30.853880114420875,26.216231519389314,42.883840713920726
4,30.983585695028307,27.08055155101661,42.945404985415536
4,31.785521413731537,27.506922053259032,43.2598409340462
3,32.251795862160684,27.767456984287012,43.30600108262971
3,32.034578018374226,27.335800459596516,42.92041102892922
3,30.795964336731803,26.036617510982186,41.308828570543604
4,28.552431728807058,24.938095355397095,38.03061393130631
4,26.241352866033235,24.233784180395972,35.23147585703665
4,22.64394962646891,22.38981307204949,31.675246792507963
8,19.810145538808506,21.75655053914464,31.03632752801403
8,19.379402504710193,23.890084138846046,31.435351039658048
8,21.965992734559826,27.327467649249243,34.39221161987857
8,25.46949098528016,29.118103873987128,39.30777791170341
2,29.48438308677501,30.860344909308026,44.343067259693186
2,30.92356177741858,31.566043272764933,46.25577878746303
4,31.426364607154813,31.658739204432102,46.58022380724204
4,31.3013374332825,30.744910266372113,45.14808951345846
3,30.815569754341627,28.909863477109035,42.080256164282545
3,29.94071181402998,26.188918742361178,39.157040949389526
3,29.07839907582256,23.980617461521167,36.46934264849966
8,29.33393393751843,23.35485264616819,35.79637913286902
8,32.378390109929654,26.5922631719167,41.029722047660734
8,36.0589608089908,30.49761791111025,46.9922218825296
8,43.9904186308686,39.951114079017735,60.960400706629805
8,53.07628769799626,51.89876651368433,79.67346037391043
8,60.94235722169423,63.15816674100409,97.75247250186229
8,65.60665331473074,70.821795587591,111.06824763981795
8,67.0999935756776,75.95664719986885,118.4433292369012
8,57.77231292785495,67.11199808567345,107.69301512529307
5,46.6493771163604,54.2646250303826,87.94493558161173
5,40.47595317823956,48.25234126296033,77.35414597492462
5,37.08883615503452,45.49227622303335,71.94760239984467
6,33.305367687556135,41.40193427181216,65.39744358969277
8,29.683295308951053,38.92560396218147,59.462280346457966
8,29.683295308951053,38.92560396218147,59.462280346457966
3,27.588638060449007,38.02701539294885,56.270757364134305
8,26.269970020556237,36.58753190391923,53.839075340423555
8,25.709502019239086,34.96772276411444,52.01694291319369
2,28.077947171532124,35.73086109567411,54.446516464083395
2,31.007894762428545,36.51000092468137,56.61598618754823
1,33.623114356578945,37.63897694409863,57.89705006584899
2,34.32386230523531,37.48024967296994,55.66612757743393
2,33.24822264126839,35.96391954399759,52.488956329890854
4,29.307667164049512,31.247509726419388,46.92859338837366
4,24.97240062243998,27.435903351875016,40.841133116805025
4,23.238990914161207,27.06566251246131,40.404566845186444
2,25.26494782371929,30.898779903991898,46.02780095896955
2,27.234778771327527,32.236552914128026,48.70905118253346
2,29.369650188629013,33.935803034606074,51.47631680270563
2,31.051080026317273,35.93220737459913,53.98675733545084
2,32.23265623621297,37.709858288513544,55.6958390725476
3,33.831063920377254,39.02608371882202,57.572156571659974
3,35.78165645790902,40.12495621398915,60.11888978531679
3,37.06821601715732,41.69476988134424,61.930636180446896
3,37.581987409176485,43.12232942550102,62.819935485232385
3,37.86129881121502,43.8517198065645,62.936025045895335
3,37.932518163153816,43.665961403661484,62.15756679419992
